final_rank,composition,prototype_structure_type,space_group,mobile_ion,predicted_sigma_S_cm,reported_conductivity_mS_cm,sigma_basis,activation_energy_eV,stability_window_V,oxidative_limit_V,reductive_limit_V,band_gap_eV,ehull_meV_atom,migration_proxy_score,novelty_score_0_5,novelty_class,tier_assignment,priority_tier_refined,final_priority_score,rationale,li_metal_compatibility,graphite_compatibility,lini_o2_compatibility,lico_o2_compatibility,candidate_source_urls,stability_source_urls,novelty_source_urls
1,Li2.8In0.2Sc0.2Yb0.2Lu0.2Zr0.2Cl6,"High-entropy monoclinic C2/m (ccp Cl, stacking faults)","C2/m (No. 12), disordered",Li+,0.00213,2.13,experimental/literature,not reported in extracted table,0.6-4.3 (est. from Li3MCl6 chloride family),4.3 (est.),0.6 (est.),~5.0 (weighted average of constituent chlorides),~20 (estimated; near-stable by ionic potential guidance),86.0,4.0,Novel Composition,Tier 1A,Tier 1A-Novel,170.7,High configurational entropy (5 M-cation species) promotes stacking faults and 3D diffusion vs. 2D in Li3InCl6. Ionic potential descriptor guides phase stability. 2.13 mS/cm > 1.27 mS/cm for Li3InCl6. Multiple additional HE compositions unexplored.,Poor - halide SEs form LiCl+metal (In/Sc/Zr) upon Li contact; exothermic; LPSC protective interlayer required,Moderate - graphite at 0.1-0.2 V within reductive window estimate; interlayer recommended,Moderate - LiNiO2 at ~4.3 V borderline; halide+LiNiO2 DFT reaction energies >100 meV/atom (ESTIMATED unfavorable),Good - LiCoO2 at 4.2 V within oxidative window; chloride family compatibility well-established,https://pmc.ncbi.nlm.nih.gov/articles/PMC10844219/,https://pmc.ncbi.nlm.nih.gov/articles/PMC10844219/; https://www.osti.gov/pages/biblio/1810664; https://www.eng.uwo.ca/nanoenergy/publications/2022/pdf/Advanced-Materials---2022---Li---Highly-Stable-HalideElectrolyteBased-AllSolidState-Li-Se-Batteries1.pdf,"https://link.springer.com/10.1007/s10008-024-06180-2, https://repository.tudelft.nl/file/File_17a0f1b8-c368-47a0-926e-baf183aa5bd4?preview=1, https://www.osti.gov/servlets/purl/2470285, https://pubs.acs.org/doi/10.1021/acs.chemrev.4c01012"
2,Li2.7In0.7Hf0.3Cl6,Monoclinic C2/m (ccp Cl sublattice),C2/m (No. 12),Li+,0.00128,1.28,experimental/literature,not available,2.68-4.22 (experimental CV measurement),4.22 (experimental),2.68 (experimental),"~5.0 (In-Hf-Cl framework, estimated)","<25 (near-stable, Hf concentration 0.1-0.5 reported stable)",82.5,4.0,Novel Composition,Tier 1A,Tier 1A-Novel,169.1,Low Hf content (x=0.3) enhances conductivity 28% over Li3InCl6 without sacrificing stability window (2.68-4.22 V). Aliovalent substitution creates extra Li vacancies. ccp Cl sublattice with monoclinic C2/m. Excellent candidate for further optimization x=0.2-0.5.,Poor - halide family In3+/Hf4+ reduction to metals+LiCl; requires LPSC or LiI interlayer,Moderate - graphite at 0.1-0.2 V below reductive limit 2.68 V; anode-side interlayer required,Moderate-Good - LiNiO2 at ~4.3 V marginally above 4.22 V; halide+LiNiO2 DFT rxn energies >100 meV/atom,Good - LiCoO2 at 4.22 V within measured stability window; halide LCO compatibility established for family,https://pubs.acs.org/doi/10.1021/acsami.2c21022,https://pubs.acs.org/doi/10.1021/acsami.2c21022; https://www.osti.gov/servlets/purl/2572328,"https://link.springer.com/10.1007/s10008-024-06180-2, https://pubs.acs.org/doi/10.1021/acssuschemeng.3c06652, https://pubs.acs.org/doi/10.1021/acs.chemrev.4c01012, https://pubs.rsc.org/en/content/articlepdf/2023/sc/d3sc02093b"
3,Li3YCl1.5Br4.5,"Trigonal/mixed-halide LYCB (P-3m1, hcp-like)",P-3m1 or distorted (No. 164),Li+,0.00536,5.36 (experimental peak at x~4.5 in Li3YCl6-xBrx series),experimental/literature,not available,0.59-3.15 (est. Br-dominant; Li3YBr6 DFT: 0.59-3.15 V),3.15 (est. Br-dominant endpoint),0.59 (est.),~5.3 (interpolated Cl/Br mix),~25 (interpolated from LYCB endpoints),79.0,4.0,Novel Composition,Tier 1A,Tier 1A-Novel,167.6,Systematic ML-MD and experiments show maximum conductivity in Li3YCl6-xBrx at x≈4.5. Cl/Br site disorder significantly expands diffusion pathways versus pure endpoints. Band gap ~5.3 eV exceeds threshold. Composition is underexplored beyond endpoints.,Poor - Y3+ reduction to Y+LiBr+LiCl confirmed by AIMD for Li3YClxBr; LPSC interlayer required,Moderate - graphite at 0.1-0.2 V; reductive limit 0.59 V near graphite; LPSC buffer recommended,Poor - oxidative limit ~3.15 V insufficient for LiNiO2 at 4.3 V,Moderate - LiCoO2 standard 4.0-4.2 V exceeds oxidative limit 3.15 V; lower voltage application only,https://arxiv.org/abs/2510.09861 ; https://pubmed.ncbi.nlm.nih.gov/30216562/,https://arxiv.org/abs/2510.09861; https://pubmed.ncbi.nlm.nih.gov/30216562/; https://pmc.ncbi.nlm.nih.gov/articles/PMC11503608/,"https://link.springer.com/10.1007/s10008-024-06180-2, https://www.sigmaaldrich.com/US/en/product/aldrich/940917, https://pubs.acs.org/doi/10.1021/acs.chemrev.4c01012, https://pubmed.ncbi.nlm.nih.gov/30216562/"
4,Li6.6P0.4Ge0.6S5I,"Argyrodite-type (Ge/P substituted, F-43m-related)","F-43m (No. 216, disordered)",Li+,0.0029,2.9,experimental/literature,<0.30 likely; not exact in extracted table,1.7-2.5 (thermodynamic); kinetic ~4.2 V practical,2.5 (thermodynamic); ~4.2 V kinetic,1.7 (thermodynamic),~2.6 (measured optical band gap ~2.5-2.8 for argyrodites),~15 (estimated; I-rich argyrodite near hull),87.0,4.0,Novel Composition,Tier 1A,Tier 1A-Novel,164.2,Ge4+ substitution at P5+ introduces extra Li (Li6.6). 2.9 mS/cm—highest in the study comparing Cl/I argyrodites and Ge/Si variants. I- provides large polarizable anion. Band gap slightly below 3.5 eV threshold. Practical synthesis demonstrated. Good template for further Ge loading.,Poor thermodynamic - Li2S+LiI+Li3P SEI; kinetically stabilized; LiF-rich coating or LPSC interlayer required,Good - graphite anode at 0.1-0.2 V within practical kinetic window; standard argyrodite strategy,Poor - exceeds thermodynamic oxidative limit; kinetic passivation limited; cathode coating required,Moderate - LiCoO2 at 4.2 V within practical kinetic window; partial argyrodite oxidation at interface; 300-cycle retention demonstrated for Cl/Ge analogue,https://juser.fz-juelich.de/record/907891/files/Manuscript.pdf,https://juser.fz-juelich.de/record/907891/files/Manuscript.pdf; https://pubs.acs.org/doi/abs/10.1021/acsenergylett.9b01693; https://hal.science/hal-01530952v1/file/Interface%20Stability%20of%20Argyrodite%20Li6PS5Cl%20towards%20LiCoO2.pdf; https://pubs.rsc.org/en/content/articlehtml/2025/eb/d5eb00101c,"https://publikationen.bibliothek.kit.edu/1000153936/150607355, https://juser.fz-juelich.de/record/907891/files/Manuscript.pdf, https://www.nature.com/articles/s41467-024-52412-4, https://pubs.acs.org/doi/10.1021/acs.chemrev.4c01012"
5,Li6.25P0.75Si0.25S5I,Argyrodite-type (Si/P substituted),"F-43m (No. 216, disordered)",Li+,0.0017,1.7,experimental/literature,not available,1.7-2.5 (thermodynamic); kinetic ~4.0-4.2 V practical,2.5 (thermodynamic); ~4.0-4.2 V kinetic,1.7 (thermodynamic),~2.7 (estimated similar to Ge variant),~17 (estimated),85.0,4.0,Novel Composition,Tier 1A,Tier 1A-Novel,163.2,Si4+ introduces Li+ excess (charge balance) boosting carrier density. 1.7 mS/cm confirmed experimentally. I- anion keeps bottleneck wide. Lower cost than Ge variant. Underexplored in terms of optimal Si content beyond x=0.25.,Poor thermodynamic - sulfide argyrodite family reduction; Li2S+LiI+Li3P SEI; kinetically limited,Good - graphite anode standard for argyrodites; within kinetic window,Poor without coating - same as Cl/Br variants; thermodynamically unstable,Moderate - LiCoO2 practical window cycling; related Ge-I analogue data extrapolated,https://juser.fz-juelich.de/record/907891/files/Manuscript.pdf,https://juser.fz-juelich.de/record/907891/files/Manuscript.pdf; https://pubs.rsc.org/en/content/articlehtml/2025/eb/d5eb00101c,"https://juser.fz-juelich.de/record/907891/files/Manuscript.pdf, https://www.nature.com/articles/s41467-024-52412-4, https://pubs.acs.org/doi/10.1021/acssuschemeng.0c05549, https://pubs.acs.org/doi/10.1021/acs.chemrev.4c01012"
6,LiHfFCl4 (Li-stuffed variant),"LiMXCl4 non-close-packed (1D MX2Cl4 octahedral chains, Pnma-related)",Pnma or P1 (No. 62 or 2),Li+,0.1375,"137.5 (AIMD extrapolation, Li-stuffed; stoich ~10-20)",AIMD/literature prediction,<0.30 (AIMD-family; exact value not in table),1.66-4.20 (DFT r2SCAN; Jun et al. 2025 Matter),4.20 (DFT),1.66 (DFT),>5 (F introduces larger gap than O analogues),"12.2 (r2SCAN, without competing Li2HfCl6); 32.2 (with)",84.0,4.0,Novel Composition,Tier 1A (conditional; AIMD/predicted only),Tier 1A-Novel,159.8,LiMXCl4 family exhibits soft-cradle effect: MX2Cl4 octahedral chains tilt in concert with Li hops. LiHfFCl4 Li-stuffed variant predicted 137.5 mS/cm—highest in family. F-for-O substitution widens electrochemical window. E_hull 12-32 meV/atom depending on competing phases. Synthesis feasibility not yet proven experimentally.,Poor - reductive limit 1.66 V; incompatible with Li metal; Li2HfCl6+LiCl decomposition; requires anode-side SE,Moderate - graphite at 0.1-0.2 V below reductive limit 1.66 V; anode-side electrolyte buffer required,Moderate - oxidative 4.20 V borderline for LiNiO2 at 4.3 V; Cl- oxidation risk near upper cutoff,Good - LiCoO2 at 4.2 V within oxidative window; catholyte role viable,https://ceder.berkeley.edu/publications/2025_KyuJung_Grace_LiMXCL4.pdf ; https://kavli.berkeley.edu/publications/exploring-soft-cradle-effect-and-ionic-transport-mechanisms-limxcl4-superionic,https://ceder.berkeley.edu/publications/2025_KyuJung_Grace_LiMXCL4.pdf; https://kavli.berkeley.edu/publications/exploring-soft-cradle-effect-and-ionic-transport-mechanisms-limxcl4-superionic,"https://pubmed.ncbi.nlm.nih.gov/38652868/, https://pubmed.ncbi.nlm.nih.gov/21253642/, https://advanced.onlinelibrary.wiley.com/doi/10.1002/adma.202400165, https://chemistry-europe.onlinelibrary.wiley.com/doi/10.1002/batt.202500358"
7,Na3GdBr3I3,Monoclinic C2/m (ccp Br/I mix),C2/m (No. 12),Na+,0.0075,7.5 (AIMD predicted),AIMD/literature prediction,<0.30 (AIMD-predicted family),~0.5-3.5 (est. from Na3MX6 Br/I family; Na halide trends),3.5 (est.),0.5 (est.),~4 (estimated; Gd-Br/I framework),<30 (estimated from constituent stability),83.0,4.0,Novel Composition,Tier 1A (conditional; AIMD/predicted only),Tier 1A-Novel,159.4,Mixed Br/I anion in C2/m monoclinic structure (same as Li3InCl6 topology but for Na). 7.5 mS/cm at 300 K predicted—highest in Na3MX6 series studied. Ea 0.21 eV. The Gd-I6 analogue gives 0.59 mS/cm; Br3I3 mix gives 13x improvement via disorder and bottleneck tuning. Na halide electrolytes remain far less explored than Li analogues.,N/A (Na system),N/A (Na system),Poor - oxidative ~3.5 V insufficient for oxide cathodes >3.6 V,N/A (Na system; analogous NaCrO2 cathode within window estimate),https://pubs.rsc.org/en/content/getauthorversionpdf/D2TA05158C,https://pubs.rsc.org/en/content/getauthorversionpdf/D2TA05158C; https://pmc.ncbi.nlm.nih.gov/articles/PMC7902639/,"https://pubs.rsc.org/en/content/articlepdf/2025/eb/d5eb00064e, https://pubs.acs.org/doi/10.1021/acs.chemrev.4c01012, https://pubs.rsc.org/en/content/getauthorversionpdf/D2TA05158C, https://onlinelibrary.wiley.com/doi/10.1002/anie.202401428"
8,LiZrFCl4,"LiMXCl4 non-close-packed (1D chains, Pnma-related)",Pnma or P1 (est.),Li+,0.055,10-100 (projected from MNC analysis),AIMD/literature prediction,<0.30 (projected MNC family),2.20-4.06 (DFT r2SCAN; Jun 2025 Matter),4.06 (DFT),2.20 (DFT est.),>5 (F-Cl blend; Zr wide-gap d0),"23.7 (r2SCAN, without Li2ZrCl6); 38 (with)",82.5,4.0,Novel Composition,Tier 1A (conditional; AIMD/predicted only),Tier 1A-Novel,159.1,Zr-analogue of LiHfFCl4. Zr is more earth-abundant. E_hull ~24-38 meV/atom (r2SCAN). Fluorination widens electrochemical window vs. LiZrOCl4. Soft-cradle octahedral tilting mechanism. High conductivity predicted.,Poor - reductive limit 2.20 V; Zr4+ reduction to Zr+LiCl/LiF; incompatible with Li metal; anode-side SE required,Moderate - graphite at 0.1-0.2 V below limit 2.20 V; anode-side interlayer required,Moderate - LiNiO2 at 4.3 V exceeds 4.06 V oxidative limit; borderline; Cl- oxidation risk,Good - LiCoO2 at 4.06 V within window; catholyte role viable,https://ceder.berkeley.edu/publications/2025_KyuJung_Grace_LiMXCL4.pdf,https://ceder.berkeley.edu/publications/2025_KyuJung_Grace_LiMXCL4.pdf,"https://ceder.berkeley.edu/publications/2025_KyuJung_Grace_LiMXCL4.pdf, https://pubmed.ncbi.nlm.nih.gov/42026068/, https://pubs.acs.org/doi/10.1021/acs.chemrev.4c01012, https://onlinelibrary.wiley.com/doi/10.1002/anie.202401428"
9,Na3YBr3I3,Monoclinic C2/m (ccp Br/I mix),C2/m (No. 12),Na+,0.0033,3.3 (AIMD predicted),AIMD/literature prediction,<0.30 (AIMD-predicted family),~0.5-3.5 (est. from Na halide Br/I family; Gd analogue),3.5 (est.),0.5 (est.),~4.2 (estimated Y-Br/I),<30 (estimated),81.5,4.0,Novel Composition,Tier 1A (conditional; AIMD/predicted only),Tier 1A-Novel,158.7,Y analogue of GdBr3I3. 3.3 mS/cm predicted. Br/I disorder critical for mS/cm range. Y is more abundant and cheaper than Gd. C2/m structure with 3D Na+ pathways. Unexplored experimentally.,N/A (Na system),N/A (Na system),Poor - oxidative ~3.5 V insufficient for high-V Na oxide cathodes,N/A (Na system); NaCrO2-class cathodes within window estimate,https://pubs.rsc.org/en/content/getauthorversionpdf/D2TA05158C,https://pubs.rsc.org/en/content/getauthorversionpdf/D2TA05158C,"https://pmc.ncbi.nlm.nih.gov/articles/PMC12913362/, https://pubs.acs.org/doi/10.1021/acs.chemrev.4c01012, https://pubs.rsc.org/en/content/getauthorversionpdf/D2TA05158C, https://onlinelibrary.wiley.com/doi/10.1002/anie.202401428"
10,Li3Er0.5Sc0.5Cl6,Monoclinic C2/m (ccp Cl; mixed Er/Sc cation disorder),"C2/m (No. 12, predicted)",Li+,0.001,>1 (predicted from ionic potential analysis; ccp should yield ~mS/cm range),AIMD/literature prediction,not available,0.6-4.3 (est.; chloride family interpolation),4.3 (est.),0.6 (est.),~5.5 (Er/Sc chlorides both wide-gap),<35 (estimated from constituent stability),79.5,4.0,Novel Composition,Tier 1A (conditional; AIMD/predicted only),Tier 1A-Novel,157.8,Er3+ and Sc3+ have similar ionic radii. Mixed cation at M-site should promote ccp Cl stacking over hcp (analogous to Y1-xInxCl6 series). ccp sublattice is key for >1 mS/cm. Novel composition—literature shows Li3MCl6 for pure Er or Sc but not mixed. Ionic potential between 2.7-3.5 suggests C2/m phase.,Poor - halide family reduction; Er3+/Sc3+ to metals+LiCl; LPSC interlayer,Moderate - graphite viable with interlayer,Moderate - LiNiO2 borderline at ~4.3 V; chloride family +Li3MCl6 DFT data,Good - LiCoO2 within window; chloride family validated,https://pubs.acs.org/doi/abs/10.1021/acs.chemmater.1c00555 ; https://www.eng.uwo.ca/nanoenergy/publications/2020/pdf/Xiaona-2020-Nano-letter.pdf,https://pubs.acs.org/doi/abs/10.1021/acs.chemmater.1c00555; https://www.eng.uwo.ca/nanoenergy/publications/2020/pdf/Xiaona-2020-Nano-letter.pdf,"https://pmc.ncbi.nlm.nih.gov/articles/PMC10011600/, https://pubs.rsc.org/en/content/articlelanding/2024/ee/d4ee03289f, https://pubs.acs.org/doi/10.1021/acs.chemrev.4c01012, https://onlinelibrary.wiley.com/doi/10.1002/anie.202401428"
11,Li3In0.5Er0.5Cl6,Monoclinic C2/m (ccp Cl; In stabilizes ccp),C2/m (No. 12),Li+,0.001,>1 (predicted; In drives ccp which enables mS/cm),AIMD/literature prediction,not available,0.6-4.2 (est.; In drives ccp; Er-In chloride analogue),4.2 (est.),0.6 (est.),~5.0 (In+Er chlorides both wide-gap),<30 (estimated; In3+ drives ccp; Er3+ lanthanide stable),79.0,4.0,Novel Composition,Tier 1A (conditional; AIMD/predicted only),Tier 1A-Novel,157.6,In3+ forces ccp Cl sublattice (essential for high conductivity). Er3+ lanthanide provides additional cation site disorder. Li3MCl6 for pure Er (P-3c1) has low conductivity. Mixing In+Er retunes structure toward ccp. Analogous strategy proved successful for Y1-xInxCl6 reaching ~1 mS/cm at x≥0.5.,Poor - halide reduction; In3+/Er3+ to metals+LiCl; LPSC interlayer,Moderate - graphite with LPSC interlayer viable,Moderate - LiNiO2 borderline at 4.2 V; DFT rxn energy unfavorable,Good - LiCoO2 at 4.2 V within window; In-chloride family validated,https://www.sciencedirect.com/science/article/abs/pii/S221128552401187X ; https://www.eng.uwo.ca/nanoenergy/publications/2020/pdf/Xiaona-2020-Nano-letter.pdf,https://www.sciencedirect.com/science/article/abs/pii/S221128552401187X; https://www.eng.uwo.ca/nanoenergy/publications/2020/pdf/Xiaona-2020-Nano-letter.pdf,"https://pmc.ncbi.nlm.nih.gov/articles/PMC11597872/, https://www.rsc.org/suppdata/d3/ta/d3ta01787g/d3ta01787g1.pdf, https://pubs.acs.org/doi/10.1021/acs.chemrev.4c01012, https://onlinelibrary.wiley.com/doi/10.1002/anie.202401428"
12,Li2ZrBiCl6 (approx. Li2.5Zr0.5Bi0.5Cl6),Hexagonal/trigonal (Bi3+-doped LZC framework),"P-3m1 (No. 164, modified by Bi)",Li+,0.01093,10.93 (AIMD predicted for Bi-doped LZC),AIMD/literature prediction,not available,0.6-4.2 (est. from Zr-Cl halide family; Bi3+ concern),4.2 (est.),0.6 (est.),">5 (Zr-Bi-Cl, d0 metals)",<40 (estimated; Bi3+ introduces tetrahedral Li at vacancies),72.5,4.0,Novel Composition,Tier 1A (conditional; AIMD/predicted only),Tier 1A-Novel,154.6,Bi3+ substitution on Zr4+ introduces tetrahedral Li sites plus additional Li concentration. AIMD predicts 10.93 mS/cm with Ea 241 meV. Cooperative short-to-long range Li-Li migration demonstrated. Low-cost Zr base. 50% Br substitution further smooths energy landscape (tested computationally).,Poor - Bi3+ reduction by Li metal likely (low reduction potential); Zr4+ stable; Bi risk dominates; requires interlayer,Moderate - graphite with interlayer; Bi reduction at anode risky without buffer,Moderate - LiNiO2 borderline; Bi doping uncertain effect on high-V stability,Moderate-Good - LiCoO2 at 4.2 V likely compatible per Zr-Cl halide family; Bi concern noted,https://www.pkusam.com/uploads/upload/files/20251120/4c2aa6fc6acad72faac0f4679c57bda8.pdf,https://www.pkusam.com/uploads/upload/files/20251120/4c2aa6fc6acad72faac0f4679c57bda8.pdf,"https://iopscience.iop.org/article/10.1149/MA2023-0161081mtgabs, https://www.scribd.com/document/814060348/s41467-024-45258-3, https://iopscience.iop.org/article/10.1149/1945-7111/acc697, https://www.pkusam.com/uploads/upload/files/20251120/4c2aa6fc6acad72faac0f4679c57bda8.pdf"
13,Li3Y0.5In0.5Cl6,"Trigonal (P-3m1, ccp onset with In)","P-3m1 (No. 164, partially ccp)",Li+,0.001,~1 (conductivity near transition; increases with In content toward 1.7 at x=0.9),family/proxy estimate,not available,0.62-4.21 (est. from Y1-xInxCl6 Cl family endpoints DFT),4.21 (est.),0.62 (est.),~5.5 (interpolated Y+In chlorides),<30 (estimated),73.5,2.0,,Tier 1A,Tier 1A-Benchmark/underexplored,149.1,Y1-xInxCl6 solid solution undergoes hcp->ccp structural transition at x≈0.3-0.5. Conductivity jumps from 6×10-5 (pure Y) to ~1 mS/cm once ccp achieved. x=0.5 is in the transition zone. Humidity tolerance strongly improved vs. pure In.,Poor - halide family Y3+/In3+ reduction; LPSC interlayer required,Moderate - graphite with interlayer viable,Moderate - LiNiO2 borderline; DFT rxn energies unfavorable,Good - LiCoO2 within window; chloride family validated,https://www.eng.uwo.ca/nanoenergy/publications/2020/pdf/Xiaona-2020-Nano-letter.pdf,https://www.eng.uwo.ca/nanoenergy/publications/2020/pdf/Xiaona-2020-Nano-letter.pdf,
14,Li10GeP2S12,Thio-LISICON (P42/nmc tetragonal),P42/nmc (No. 137),Li+,0.012,12,experimental/literature,not available,1.19-2.38 (DFT thermodynamic); practical kinetic argued wider but intrinsic limit confirmed experimental,2.38 (thermodynamic); claimed >5 V kinetic (not recommended),1.19 (thermodynamic),3.6 (HSE06),"~25 (metastable, PBE+GGA)",72.0,2.0,,Tier 1A,Tier 1A-Benchmark/underexplored,148.4,Record sulfide conductor. 1D Li channels along c-axis. Metastable ~25 meV/atom. Band gap 3.6 eV meets threshold. Narrow electrochemical window limits anode compatibility.,Poor - severe Ge reduction to Li15Ge4+Li2S+Li3P; kinetically self-passivating but resistive interphase grows; LiH2PO4 surface treatment shown to improve to 950h stability,Poor - graphite at 0.1-0.2 V below thermodynamic reductive limit 1.19 V; Li-In alloy anode at 0.6 V standard workaround,Poor - thermodynamic oxidative limit 2.38 V; kinetic passivation claimed but degradation at interface occurs; cathode coating essential,Poor - LiCoO2 at 4.0-4.2 V far exceeds thermodynamic limit; severe interface degradation confirmed by STEM/XPS; electrochemically driven mechanical failure,https://ceder.berkeley.edu/publications/YiFei_Lithium_Conductor.pdf,https://ceder.berkeley.edu/publications/YiFei_Lithium_Conductor.pdf; https://linkinghub.elsevier.com/retrieve/pii/S0013468620315218; https://pubs.acs.org/doi/10.1021/acsami.8b05132; https://www.osti.gov/biblio/1433674,
15,Li6PS5Cl0.5Br0.5,"Argyrodite (F-43m, mixed Cl/Br at X site)",F-43m (No. 216),Li+,0.0025,~2-3 (estimated; intermediate between 1.3 Cl and 5.4 Br-rich),family/proxy estimate,not available,1.7-2.5 (thermodynamic); kinetic ~4.0 V practical,2.5 (thermodynamic); ~4.0 V kinetic,1.7 (thermodynamic),~2.75 (interpolated),~10 (interpolated Cl and Br endpoints 12.6 and 5.2 meV/atom),86.0,2.0,Proposed (Exact Match Found),Tier 1A,Tier 1A-Benchmark/underexplored,147.7,Mixed Cl/Br at argyrodite X site introduces compositional disorder in addition to S/halide site disorder. Expected to yield ~2-3 mS/cm. Near-hull ~9 meV/atom. Pressure dependence of activation volume studies done but bulk synthesis optimization at this composition is not well covered in literature.,Poor thermodynamic - Li2S+LiCl+LiBr+Li3P SEI; SEI kinetically limited; coating needed,Good - graphite standard argyrodite strategy; within kinetic stability window,Poor without coating - thermodynamically unstable; kinetic passivation limited,Moderate - LiCoO2 practical window cycling; coating or LPSC cathode layer recommended,https://pubs.rsc.org/en/content/articlelanding/2023/ya/d3ya00424d,https://pubs.rsc.org/en/content/articlelanding/2023/ya/d3ya00424d; https://pubs.rsc.org/en/content/articlehtml/2025/ta/d4ta06603k; https://hal.science/hal-01530952v1/file/Interface%20Stability%20of%20Argyrodite%20Li6PS5Cl%20towards%20LiCoO2.pdf,"https://www.msesupplies.com/products/ampcera-argyrodite-li6ps5cl0-5br0-5-sulfide-solid-electrolyte-fine-powder-d50-5-um, https://www.mdpi.com/1996-1073/18/13/3391, https://pubs.rsc.org/en/content/articlelanding/2025/qm/d5qm00394f, https://asmedigitalcollection.asme.org/IMECE/proceedings/IMECE2021/85635/V08AT08A044/1132910"
16,Li3YBr6,"Trigonal (P-3m1, hcp Br sublattice)",P-3m1 (No. 164),Li+,0.0017,1.7,experimental/literature,not available,0.59-3.15 (DFT calculated; Li3YBr6 grand potential),3.15 (DFT),0.59 (DFT),5.1,<30 (estimated),69.5,2.0,,Tier 1A,Tier 1A-Benchmark/underexplored,147.3,Br analogue of YCl6. Larger Br anion increases bottleneck size. Band gap 5.1 eV. Basis for YClxBr6-x mixed-halide series peaking near x=4.5.,Poor - Y3+ reduced by Li metal to Y+LiBr; confirmed AIMD for Y halide family; LPSC interlayer required,Moderate - graphite with LPSC interlayer; reductive limit 0.59 V near graphite potential,Poor - oxidative 3.15 V insufficient for LiNiO2 at 4.3 V,Moderate - LiCoO2 standard 4.0-4.2 V exceeds oxidative limit 3.15 V; lower voltage operations only,https://pubmed.ncbi.nlm.nih.gov/30216562/ ; https://arxiv.org/abs/2510.09861,https://pubmed.ncbi.nlm.nih.gov/30216562/; https://arxiv.org/abs/2510.09861; https://www.eng.uwo.ca/nanoenergy/publications/2022/pdf/Advanced-Materials---2022---Li---Highly-Stable-HalideElectrolyteBased-AllSolidState-Li-Se-Batteries1.pdf,
17,Li3ScCl6,Trigonal/monoclinic (structural competition hcp/ccp),P-3m1 or C2/m (dependent on synthesis),Li+,0.00075,~0.5–1 (estimated; Li2Sc2/3Cl4 halospinel ~0.26-1),family/proxy estimate,not available,0.87-4.21 (DFT calculated; Li3ScCl6 grand potential),4.21 (DFT),0.87 (DFT),"~5.5 (Sc-Cl, d0 Sc3+)","<30 (estimated, analogous to YCl6)",68.5,2.0,,Tier 1A,Tier 1A-Benchmark/underexplored,146.8,Sc3+ smaller ionic radius than In3+/Y3+. Potentially ccp structure at certain synthesis conditions. Band gap ~5.5 eV excellent. Sc abundance moderate. Underexplored relative to In and Y in aliovalent substitution series.,Poor - Sc3+ likely reduced by Li metal; hcp structure may form less conductive decomposition,Moderate - graphite with interlayer viable; reductive 0.87 V slightly above graphite,Moderate - LiNiO2 borderline at 4.21 V; DFT halide+LiNiO2 reaction energies unfavorable,Good - LiCoO2 at 4.21 V within window; chloride family compatibility confirmed,https://pubs.acs.org/doi/abs/10.1021/acs.jpcc.2c02511 ; https://www.sciencedirect.com/science/article/abs/pii/S221128552401187X,https://pubs.acs.org/doi/abs/10.1021/acs.jpcc.2c02511; https://www.sciencedirect.com/science/article/abs/pii/S221128552401187X; https://www.eng.uwo.ca/nanoenergy/publications/2022/pdf/Advanced-Materials---2022---Li---Highly-Stable-HalideElectrolyteBased-AllSolidState-Li-Se-Batteries1.pdf,
18,Li3YCl6,"Trigonal (P-3m1, hcp Cl sublattice)",P-3m1 (No. 164),Li+,0.000755,0.51–1.0,experimental/literature,0.30-0.40 (lit.),0.62-4.21 (DFT calculated; extensively studied),4.21 (DFT),0.62 (DFT),6.1,near-stable (<30 estimated),66.5,2.0,,Tier 1A,Tier 1A-Benchmark/underexplored,145.9,Trigonal hcp Cl sublattice; anisotropic 1D diffusion. Band gap 6.1 eV excellent. Lower conductivity than InCl6 analogue due to hcp packing. Basis for Y1-xInxCl6 solid solutions.,Poor - Y3+ reduced by Li metal to Y+LiCl; confirmed AIMD (Li3YCl5Br variant shows same behavior); LPSC interlayer validated for 1000h symmetric cycling,Moderate - graphite with LPSC interlayer; reductive limit 0.62 V below graphite; interlayer bridges gap,Moderate - DFT reaction energies >100 meV/atom (unfavorable); NMC811 AIMD shows confined interface reaction; practical NMC cells demonstrated,Good - LiCoO2 at 4.21 V compatible; halide LCO use validated across Y-Cl and In-Cl families,https://pubmed.ncbi.nlm.nih.gov/30216562/ ; https://pubs.acs.org/doi/10.1021/acsaem.4c01249,https://pubmed.ncbi.nlm.nih.gov/30216562/; https://pubs.acs.org/doi/10.1021/acsami.0c11683; https://pmc.ncbi.nlm.nih.gov/articles/PMC11503608/; https://pubs.rsc.org/en/content/articlelanding/2021/ta/d1ta03042f,
19,Li6PS5I,Argyrodite (sym-broken from F-43m),Cm (distorted argyrodite),Li+,0.0004499999999999,0.3–0.6 (lower than Cl/Br due to I ordering),experimental/literature,not available,1.7-2.5 (thermodynamic); kinetic ~4.0 V practical,2.5 (thermodynamic); ~4.0 V kinetic,1.7 (thermodynamic),~2.5 (estimated),"0 (sym-broken VdW-corrected, on hull)",79.5,2.0,,Tier 1A,Tier 1A-Benchmark/underexplored,144.8,Thermodynamically most stable argyrodite (0 meV/atom hull). I ordering reduces conductivity vs Br analogue. Polarizable I2- beneficial but ordering is key challenge.,Poor thermodynamic - I ordering in argyrodite; Li2S+LiI+Li3P SEI; kinetics limited; heat treatment activation needed,Good - graphite standard for argyrodites; I-argyrodite needs activation by heat treatment,Poor without coating - same as Cl/Br variants; coating required,Moderate - LiCoO2 practical window cycling possible with kinetic stabilization,https://pubs.rsc.org/en/content/articlehtml/2025/ta/d4ta06603k,https://next-gen.materialsproject.org/materials/mp-985591; https://pubs.rsc.org/en/content/articlehtml/2025/ta/d4ta06603k; https://pubs.rsc.org/en/content/articlelanding/2023/ya/d3ya00424d,
20,Li3In0.5Sc0.5Cl6,Monoclinic C2/m (ccp Cl; tuned ionic potential),"C2/m (No. 12, predicted)",Li+,0.001,>1 (predicted; In maintains ccp; Sc tunes bottleneck),AIMD/literature prediction,not available,0.6-4.3 (est. from Li3InCl6 and Li3ScCl6 interpolation),4.3 (est.),0.6 (est.),~5.2 (weighted In+Sc chlorides),<25 (estimated; In3+ stabilizes ccp),80.5,1.0,Known Benchmark,Tier 1A,Tier 1A-Benchmark/underexplored,144.2,In3+ forces ccp Cl sublattice enabling mS/cm conductivity. Partial Sc3+ substitution retunes interlayer spacings and bottleneck size. High-entropy concept applied to 2-cation system. Lower cost than In-only. Band gap >5 eV.,Poor - halide family reduction; In3+/Sc3+ to metals+LiCl; LPSC interlayer required,Moderate - graphite with interlayer viable,Moderate - LiNiO2 borderline at 4.3 V; halide+LiNiO2 reaction energies unfavorable,Good - LiCoO2 at 4.2 V within window; chloride family compatibility confirmed,https://pmc.ncbi.nlm.nih.gov/articles/PMC10844219/ ; https://www.eng.uwo.ca/nanoenergy/publications/2020/pdf/Xiaona-2020-Nano-letter.pdf,https://pmc.ncbi.nlm.nih.gov/articles/PMC10844219/; https://www.eng.uwo.ca/nanoenergy/publications/2020/pdf/Xiaona-2020-Nano-letter.pdf; https://pubs.acs.org/doi/10.1021/acsami.2c21022,"https://www.ossila.com/products/lithium-indium-chloride-li3incl6-powder, https://pubs.acs.org/doi/10.1021/acs.chemrev.4c01012, https://pubmed.ncbi.nlm.nih.gov/38949968/, https://advanced.onlinelibrary.wiley.com/doi/10.1002/aenm.202304480"
21,Li2Sm2/3Cl4,"Halospinel (cubic, spinel-like Li2M2/3Cl4)","Fd-3m (No. 227, spinel)",Li+,0.0153,15.3 (AIMD predicted),AIMD/literature prediction,0.195 (AIMD),0.67-4.26 (DFT AIMD; JPCC 2022),4.26 (DFT; band gap proxy),0.67 (est. from Li3SmCl6 analogue 0.67-4.23 V),4.26,<30 (estimated; cubic spinel stabilized by Sm3+),83.5,4.0,Novel Composition,Tier 1 (conditional; AIMD only),Tier 1-Catholyte/conditional,139.6,Halospinel structure: cubic symmetry enables 3D isotropic Li diffusion. Sm3+ in M2/3 sites. Predicted 15.3 mS/cm and Ea <0.20 eV from AIMD. Band gap 4.26 eV meets >3.5 eV threshold. Activation energy 0.195 eV. No experimental synthesis yet—high-priority target.,Poor - halide family reduction; Sm3+ reduced to Sm+LiCl; LPSC interlayer required,Moderate - graphite at 0.1-0.2 V; halospinel reductive limit 0.67 V near graphite; LPSC buffer recommended,Moderate - LiNiO2 at ~4.3 V marginally above 4.26 V limit; halide+LiNiO2 rxn energies >100 meV/atom (ESTIMATED),Good - LiCoO2 at 4.2 V within window; halospinel highlighted as promising catholyte,https://pubs.acs.org/doi/abs/10.1021/acs.jpcc.2c02511,https://pubs.acs.org/doi/abs/10.1021/acs.jpcc.2c02511; https://www.eng.uwo.ca/nanoenergy/publications/2022/pdf/Advanced-Materials---2022---Li---Highly-Stable-HalideElectrolyteBased-AllSolidState-Li-Se-Batteries1.pdf,"https://pubs.acs.org/doi/10.1021/acs.chemmater.4c01160, https://pubs.acs.org/doi/10.1021/acsami.4c07798, https://www.osti.gov/servlets/purl/1657953, https://advanced.onlinelibrary.wiley.com/doi/10.1002/adfm.202315512"
22,Li6PS5Br,"Argyrodite (F-43m cubic, Br/S site-disordered)",F-43m (No. 216),Li+,0.00343,1.5–5.36 (at high Br content in Li3YCl6-xBrx analogy),experimental/literature,0.20-0.30 (lit.),1.7-2.5 (thermodynamic); kinetic ~4.0-4.2 V practical,2.5 (thermodynamic); ~4.0-4.2 V kinetic,1.7 (thermodynamic),"~2.8 (estimated from optical/DFT, analogous to Cl)",5.2 (VdW-corrected sym-broken),85.5,1.0,Known Benchmark,Tier 1A,Tier 1A-Benchmark/underexplored,139.5,Br/S disorder drives higher conductivity than Cl variant. E_hull 5.2 meV/atom (near-hull stable after VdW correction). Pressure studies show activation volume sensitivity.,Poor thermodynamic - Li2S+LiBr+Li3P SEI; kinetically stabilized; Ea 0.19 eV confirmed,Good - graphite anode standard strategy; within kinetic stability window,Poor without coating - thermodynamically unstable; kinetic oxidation occurs at interface,Moderate - LiCoO2 at 4.2 V within practical kinetic window; partial argyrodite oxidation observed,https://pubs.rsc.org/en/content/articlelanding/2023/ya/d3ya00424d ; https://pubs.rsc.org/en/content/articlehtml/2025/ta/d4ta06603k,https://pubs.rsc.org/en/content/articlehtml/2025/ta/d4ta06603k; https://pubs.rsc.org/en/content/articlelanding/2023/ya/d3ya00424d; https://pubs.acs.org/doi/abs/10.1021/acsenergylett.9b01693; https://pubs.rsc.org/en/content/articlehtml/2025/eb/d5eb00101c,"https://xlink.rsc.org/?DOI=C7TA05031C, https://www.msesupplies.com/products/ampcera-argyrodite-li-sub-6-sub-ps-sub-5-sub-br-sulfide-solid-electrolyte-pass-325-mesh-d50-10-um-coarse-powder, https://advanced.onlinelibrary.wiley.com/doi/10.1002/admi.202400423, https://pubs.rsc.org/en/content/articlelanding/2017/ta/c7ta05031c"
23,Li6PS5Cl,"Argyrodite (F-43m cubic, site-disordered)",F-43m (No. 216),Li+,0.00175,1.3–2.2,experimental/literature,0.16-0.30 (lit.),1.7-2.3 (thermodynamic); kinetic ~4.2 V practical,2.3 (thermodynamic); ~4.2 V kinetic,1.7 (thermodynamic),2.7 (HSE06),"90 (MP, PBE); 12.6 (VdW-corrected, sym-broken)",82.5,1.0,Known Benchmark,Tier 1A,Tier 1A-Benchmark/underexplored,138.1,Quintessential argyrodite; Cl/S site disorder drives high conductivity. Metastable by ~13–90 meV/atom depending on functional/corrections. Band gap 2.7 eV is below ideal >3.5 eV threshold.,Poor thermodynamic - Li2S+LiCl+Li3P SEI; continuous impedance growth; requires LiF-rich coating or LPSC-LiCl composite,Good - graphite standard argyrodite strategy; 0.1-0.2 V within kinetic window,Poor without coating - LiNiO2 at >3.7 V exceeds thermodynamic limit; coating (LiNbO3 or LIC interlayer) required,Moderate - LiCoO2 at 4.2 V within practical kinetic window; partial oxidation (S+P2Sx+LiCl+phosphates) at interface; 300-cycle retention confirmed,https://pubs.rsc.org/en/content/articlehtml/2025/ta/d4ta06603k ; https://juser.fz-juelich.de/record/907891/files/Manuscript.pdf,https://linkinghub.elsevier.com/retrieve/pii/S0925838819333493; https://pubs.acs.org/doi/abs/10.1021/acs.chemmater.6b04990; https://hal.science/hal-01481291/file/Redox%20activity%20of%20argyrodite%20Li6PS5Cl%20electrolyte.pdf; https://pubs.rsc.org/en/content/articlehtml/2025/eb/d5eb00101c,"https://pubs.acs.org/doi/10.1021/acsami.8b15121, https://www.sciencedirect.com/science/article/pii/S1385894725042408, https://chemistry-europe.onlinelibrary.wiley.com/doi/10.1002/batt.202400731, https://advanced.onlinelibrary.wiley.com/doi/10.1002/adma.202506095"
24,LiNbOCl4,LiMXCl4 non-close-packed (NbO2Cl4 octahedral chains),Pnma (No. 62) or I4/m (No. 87) - conflicting literature,Li+,0.01155,10.7–12.4 (experimental),experimental/literature,0.18-0.256 (exp.),2.24-4.06 (DFT computed; Jun 2025 Matter; total span 1.82 V),4.06 (DFT; experimental 4.6 V validated as catholyte),2.24 (DFT),>4 (estimated; Nb5+ d0),18.5 (r2SCAN),81.0,2.0,,Tier 1 (catholyte),Tier 1-Catholyte/conditional,132.4,Experimentally confirmed 12.4 mS/cm. Non-close-packed structure with vdW-bound NbO2Cl4 chains—liquid-like conduction mechanism. E_hull 18.5 meV/atom (r2SCAN). Base for LiMXCl4 family.,Poor - DFT confirms poor reductive stability; LiCl+NbCl2O decomposition; NbCl2O has non-zero band gap; Li3YCl6 or LPSC used as anode-side SE in experimental cells,Moderate - graphite at 0.1-0.2 V below reductive limit 2.24 V; anode-side electrolyte buffer needed; LPSC+Li-In standard,Poor - halide+LiNiO2 DFT reaction energies >100 meV/atom; LiNiO2 not recommended for halide catholytes,Excellent - LiCoO2 at 4.6 V: 96.7% first-cycle CE demonstrated (cold-pressed ASSB); Ni83 NMC at 87.8% CE; confirmed catholyte,https://ceder.berkeley.edu/publications/2025_KyuJung_Grace_LiMXCL4.pdf ; https://kavli.berkeley.edu/publications/exploring-soft-cradle-effect-and-ionic-transport-mechanisms-limxcl4-superionic,https://ceder.berkeley.edu/publications/2025_KyuJung_Grace_LiMXCL4.pdf; https://xnergy.us/linbocl4-lnoc-solid-electrolyte/; https://www.sciencedirect.com/science/article/abs/pii/S0167273825000104; https://pubs.rsc.org/en/content/articlelanding/2026/ta/d5ta05478h,
25,LiTaOCl4,LiMXCl4 non-close-packed (TaO2Cl4 chains),Pnma (est.),Li+,0.0124,"12.4 (experimental), 62 (AIMD stoich)",AIMD/literature prediction,0.18-0.256 (exp.),2.24-4.06 (DFT computed; Jun 2025 Matter; total span 1.82 V),4.06 (DFT; experimental catholyte operation validated),2.24 (DFT),">4 (Ta5+ d0, estimated)",19.4 (r2SCAN),81.0,2.0,,Tier 1 (catholyte),Tier 1-Catholyte/conditional,132.4,Ta analogue; experimental 12.4 mS/cm confirmed. AIMD stoichiometric predicts 62 mS/cm. Very low activation energy 0.18 eV. Non-close-packed soft-cradle mechanism.,Poor - LiCl+TaCl4+LiTa4O8 decomposition; LiTa4O8 Eg~0.01 eV (electronically conducting) - worse than LNOC; anode-side SE essential,Moderate - graphite at 0.1-0.2 V below reductive limit; LPSC+Li-In anode strategy from Tanaka et al.,Poor - same halide+LiNiO2 DFT incompatibility (>100 meV/atom),Excellent - LiCoO2 at 4.6 V: 96.7% first-cycle CE demonstrated (same experimental result as LNOC); Ta analogue confirmed 12.4 mS/cm,https://ceder.berkeley.edu/publications/2025_KyuJung_Grace_LiMXCL4.pdf,https://ceder.berkeley.edu/publications/2025_KyuJung_Grace_LiMXCL4.pdf; https://xnergy.us/linbocl4-lnoc-solid-electrolyte/,
26,Li3InCl6,"Layered monoclinic (C2/m, ccp Cl sublattice)",C2/m (No. 12),Li+,0.0015,1.0–2.0,experimental/literature,0.30-0.40 (lit.; route-dependent),0.62-4.21 (DFT Li3InCl6 family); 2.68-4.22 V measured (Hf-doped variant),4.21 (DFT); 4.22 V measured (Hf-doped),0.62 (DFT),5.0,<25 (near-stable),77.5,2.0,,Tier 1 (catholyte),Tier 1-Catholyte/conditional,130.9,"Water-synthesizable halide. 2D layered diffusion in LiCl2 slabs, some 3D character. Band gap 5 eV. ccp Cl sublattice with Li/In cation disorder.",Poor direct - In3+ reduced to In+LiCl forming thick resistive interphase (electronically conducting → continuous growth); LPSC interlayer validated with negligible resistance,Moderate - graphite with LPSC interlayer viable; reductive limit 0.62 V near graphite potential,Moderate - DFT reaction energies >100 meV/atom (halide+LiNiO2 unfavorable); NMC811 NCA cycling with LIC catholyte coating demonstrated but LiNiO2 specifically less tested,Excellent - LiCoO2 compatible: 73.6% retention at 5.2 V (70 cycles); standard 4.2 V operation widely validated; 155 mAh/g at 0.2C confirmed,https://www.eng.uwo.ca/nanoenergy/publications/2019/pdf/Sun_et_al-2019-Angewandte_Chemie_International_Edition1.pdf ; https://pubs.acs.org/doi/10.1021/acsami.4c04396,https://www.eng.uwo.ca/nanoenergy/publications/2019/pdf/Sun_et_al-2019-Angewandte_Chemie_International_Edition1.pdf; https://www.osti.gov/servlets/purl/2572328; https://jlupub.ub.uni-giessen.de/items/fc2123c9-f520-4516-91f0-68a88df33c47; https://pubs.acs.org/doi/10.1021/acsami.4c04396,
27,Na2.88Sb0.88Mo0.12S4,Cubic I-43m (BCC-like; W analogue using Mo),I-43m (No. 217),Na+,0.001,>1 (predicted; DFT vacancies + cubic stabilization similar to W),AIMD/literature prediction,not available,1.5-3.0 (est. from W-doped Na3SbS4 family),3.0 (est.),1.5 (est.),~2.5 (estimated; similar to W-doped),~15 (estimated from W-doped analogue),85.0,4.0,Novel Composition,Tier 2,Tier 2,103.2,"Mo6+ can replace Sb5+ to introduce Na vacancies (charge compensation) and stabilize cubic BCC phase, analogously to W. Mo is more abundant than W. DFT study of W-doped confirms vacancy-driven concerted migration mechanism which should transfer to Mo. Band gap below threshold—shared limitation with Na3SbS4 family.",N/A (Na system),N/A (Na system),Poor - oxidative limit ~3.0 V vs Na+/Na insufficient,Poor - same as W-doped analogue; Na system,https://pubs.acs.org/doi/10.1021/acs.chemmater.0c02318 ; https://www.nature.com/articles/s41467-019-13178-2,https://pubs.acs.org/doi/10.1021/acs.chemmater.0c02318; https://www.nature.com/articles/s41467-019-13178-2; https://ceder.berkeley.edu/publications/2018_Yaosen_Na_hydrate_coating.pdf,"https://link.springer.com/10.1007/s10008-024-06180-2, https://pubs.rsc.org/en/content/articlepdf/2026/sc/d5sc09154c, https://pubs.acs.org/doi/10.1021/acs.chemrev.4c01012, https://pubs.acs.org/doi/10.1021/acs.chemmater.2c00944"
28,Na3SbSe2S2,Cubic I-43m (BCC-like; mixed Se/S),I-43m (No. 217),Na+,0.0006,~0.6 (estimated; intermediate in series with dual effects),family/proxy estimate,not available,1.5-2.5 (est.; intermediate Se/S mixed),2.5 (est.),1.5 (est.),~2.6 (wider than pure Se; narrower than pure S),~12 (estimated),84.0,4.0,Novel Composition,Tier 2,Tier 2,102.8,"Intermediate Se/S ratio in Na3SbSe4-xSx. Series shows dual effects: lattice contraction (S) and bond weakening (Se). x=2 provides cubic structure (unlike tetragonal x=4) and mixed-anion disorder. Band gap better than pure Se. Potentially higher conductivity than intermediate x=1,3 due to optimized lattice + disorder.",N/A (Na system),N/A (Na system),Poor - oxidative ~2.5 V insufficient for oxide cathodes,N/A (Na system),https://pmc.ncbi.nlm.nih.gov/articles/PMC6002371/,https://pmc.ncbi.nlm.nih.gov/articles/PMC6002371/; https://ceder.berkeley.edu/publications/2017_yaosen_electrode_electrolyte_compat.pdf,"https://www.sciencedirect.com/science/article/abs/pii/S0272884224047163, https://pubs.acs.org/doi/10.1021/acs.chemrev.4c01012, https://pubs.acs.org/doi/10.1021/acs.inorgchem.3c01799, https://onlinelibrary.wiley.com/doi/10.1002/anie.202401428"
29,Na0.7Zr0.3La0.7Cl4,LaCl3-type (hexagonal UCl3 derivative),P63/m (No. 176),Na+,0.001,~1 (estimated; Zr-doped LaCl3-type),family/proxy estimate,not available,~0.6-4.0 (est. from Na chloride analogue; Na3-xY1-xZrxCl6 oxidative ~3.8 V),4.0 (est.),0.6 (est.),~5.0 (La-Cl wide gap),<40 (estimated; Zr-La-Cl framework),63.5,4.0,Novel Composition,Tier 2,Tier 2,100.6,LaCl3-type structure with Zr doping creates Na vacancies. Used as catholyte in NaCrO2||Na0.7Zr0.3La0.7Cl4||Na3PS4||Na2Sn cells—88% retention after 70 cycles. Band gap ~5 eV excellent. Na halide catholytes are strongly underexplored vs. Li halide catholytes.,N/A (Na system),N/A (Na system),N/A (Na system); NaCrO2 cathode demonstrated in cells,N/A (Na system),https://pubs.rsc.org/en/content/getauthorversionpdf/D2TA05158C,https://pubs.rsc.org/en/content/getauthorversionpdf/D2TA05158C,"https://www.rsc.org/suppdata/d5/ee/d5ee03490f/d5ee03490f1.pdf, https://impact.ornl.gov/en/publications/laclsub3sub-based-sodium-halide-solid-electrolytes-with-high-ioni/, https://pubs.acs.org/doi/10.1021/acs.chemrev.4c01012, https://advanced.onlinelibrary.wiley.com/doi/10.1002/aenm.202304480"
30,Na2Zr0.7La0.3Cl6,"Trigonal/monoclinic (Na halide, Zr-La Cl sublattice)",P21/n or R-3 (monoclinic/trigonal),Na+,0.0005,~0.5 (estimated; Zr doping expands Na migration pathway per DFT),family/proxy estimate,not available,~0.6-4.0 (est.),4.0 (est.),0.6 (est.),~5.0 (estimated; Na-Zr-La-Cl),<40 (estimated),63.5,4.0,Novel Composition,Tier 2,Tier 2,100.6,Zr4+ doping at La3+ site expands Na-ion migration pathways in LaCl3-type hexagonal framework. Na vacancy creation analogous to Li3-xY1-xHfxCl6 strategy. Band gap >5 eV. Na halide electrolytes with Zr doping are underexplored relative to Li analogues.,N/A (Na system),N/A (Na system),N/A (Na system),N/A (Na system),https://pubs.rsc.org/en/content/getauthorversionpdf/D2TA05158C,https://pubs.rsc.org/en/content/getauthorversionpdf/D2TA05158C,"https://www.rsc.org/suppdata/d4/ta/d4ta07957d/d4ta07957d1.pdf, https://pubs.rsc.org/en/content/articlelanding/2025/ta/d4ta07957d, https://pubs.acs.org/doi/10.1021/acs.chemrev.4c01012, https://onlinelibrary.wiley.com/doi/10.1002/anie.202401428"
31,Li3InF6,"Trigonal (P-3c1, hcp F sublattice)",P-3c1 (No. 165),Li+,0.00055,0.55 (AIMD predicted),AIMD/literature prediction,not available,~2.0-4.5 (est.; fluoride family: wider window than Cl but narrower bottleneck),4.5 (est.),2.0 (est.),5.0,9,61.5,4.0,Novel Composition,Tier 2,Tier 2,99.7,"Near-hull stability (9 meV/atom). Wide band gap 5 eV. Small F- anion restricts bottleneck width, lowering conductivity vs. Cl. Good electrochemical window ~4 V. Interesting for cathode-facing layers where oxidative stability is critical.",Poor - F- forms LiF upon Li contact; wide window but poor direct compatibility; LiF SEI may be passivating,Poor - graphite at 0.1-0.2 V below reductive limit 2.0 V; fluoride family incompatible with low-V anode,Moderate - oxidative ~4.5 V within window for LiNiO2; but conductivity too low for practical application,Good - LiCoO2 at 4.2 V within estimated window; but conductivity too low,https://uspex-team.org/static/file/Dallakyan2026_JEC_Li3MX6.pdf,https://uspex-team.org/static/file/Dallakyan2026_JEC_Li3MX6.pdf,"https://pubs.acs.org/doi/10.1021/acs.chemrev.4c01012, https://www.eng.uwo.ca/nanoenergy/publications/2021/pdf/Shumin-2021-AEM.pdf, https://carepapers.s3-ap-southeast-1.amazonaws.com/2024/2024-11-21-panchal-halides-acsenergylett.pdf, https://onlinelibrary.wiley.com/doi/10.1002/anie.202401428"
32,Li3InI6,"Monoclinic (C2/c, ccp I sublattice)",C2/c (No. 15),Li+,0.00218,2.18 (AIMD predicted),AIMD/literature prediction,not available,~0.7-2.1 (est. from iodide family; similar to sulfide per Wisconsin review),2.1 (est.),0.7 (est.),2.5,4,76.5,4.0,Novel Composition,Tier 2,Tier 2,99.4,Near-hull at 4 meV/atom—thermodynamically very stable. Large I- anion widens bottleneck. However band gap 2.5 eV is below 3.5 eV threshold (stability concern). Narrow electrochemical window (~0.7 V) limits utility. Best used as anode-side or mixed-halide component.,Poor - I-based halide; In3+ reduction+LiI; iodide does not protect vs Li,Poor - oxidative limit ~2.1 V; graphite standard cycling range would extend beyond window,Poor - oxidative 2.1 V far below LiNiO2 operating range,Poor - LiCoO2 at 4.0-4.2 V far exceeds oxidative limit,https://uspex-team.org/static/file/Dallakyan2026_JEC_Li3MX6.pdf,https://uspex-team.org/static/file/Dallakyan2026_JEC_Li3MX6.pdf; https://minds.wisconsin.edu/bitstream/handle/1793/96429/Majumder_uwm_0263M_14217.pdf,"https://docs.nlr.gov/docs/fy22osti/83157.pdf, https://pubs.acs.org/doi/10.1021/acs.chemrev.4c01012, https://uspex-team.org/static/file/Dallakyan2026_JEC_Li3MX6.pdf, https://onlinelibrary.wiley.com/doi/10.1002/anie.202401428"
33,Na3GdBr2I4 (Br2I4 mix tuned to C2/m),Monoclinic C2/m (ccp mixed Br/I),C2/m (No. 12),Na+,0.005,~5 (extrapolated between Na3GdI6 0.59 and Na3GdBr3I3 7.5),family/proxy estimate,not available,,,,"~3.8 (estimated I-dominant, wider than pure iodide)",<35 (estimated interpolation Na3GdBr6 and Na3GdI6),80.5,4.0,Novel Composition,,Tier 2,88.2,"By tuning Br:I ratio in Na3GdBrxI6-x (x=2 vs x=3 studied), conductivity can be optimized while maintaining C2/m structure. x=2 provides wider band gap (>3.5 eV threshold) vs. x=3 (too I-rich, small gap). Novel composition at Br2I4 stoichiometry unexplored.",,,,,https://pubs.rsc.org/en/content/getauthorversionpdf/D2TA05158C,,"https://pmc.ncbi.nlm.nih.gov/articles/PMC10646287/, https://pubs.rsc.org/en/content/articlehtml/2025/cs/d5cs00358j, https://pubs.rsc.org/en/content/articlehtml/2023/sc/d3sc02093b, https://pmc.ncbi.nlm.nih.gov/articles/PMC8442915/"
34,"Li3-xY1-xHfxCl6 (x=0.3, i.e. Li2.7Y0.7Hf0.3Cl6)",Trigonal/monoclinic (structural transition hcp->ccp with Hf),P-3m1 to C2/m transition region,Li+,0.00149,"1.49 (at x=0.3, peak of Li3-xY1-xHfxCl6 series)",proxy/literature-derived,not available,,,,"~5.5 (estimated, Hf-Cl bonds widen gap)",<30 (estimated near-stable),77.5,4.0,Novel Composition,,Tier 2,86.9,Aliovalent Hf4+ substitution on Y3+ site creates Li vacancies and increases conductivity to 1.49 mS/cm. BVEL calculations confirm improved Li-ion pathways. Near-hull stable. Excellent band gap estimate. Mixed ccp/hcp character warrants further exploration.,,,,,https://pubs.rsc.org/en/content/articlelanding/2023/ta/d3ta02781c,,"https://pmc.ncbi.nlm.nih.gov/articles/PMC11134378/, https://pubs.rsc.org/en/content/articlelanding/2023/ta/d3ta02781c, https://pubmed.ncbi.nlm.nih.gov/36662742/, https://pmc.ncbi.nlm.nih.gov/articles/PMC10290651/"
35,Li2ZrCl6,"Trigonal (P-3m1, hcp Cl sublattice)",P-3m1 (No. 164),Li+,0.00044,0.44 (mechanochemical); 0.64 (S-doped),experimental/literature,not available,0.6-4.2 (est. from Zr4+ d0 halide hcp family),4.2 (est.),0.6 (est.),">5 (estimated, Zr-Cl framework)",<40 (near-stable),60.5,2.0,,Tier 2,Tier 2,83.2,Low-cost Zr-based halide. hcp 1D anisotropic transport. Bi-doping raises conductivity to >10 mS/cm (AIMD). S-doping improves to 0.64 mS/cm experimentally.,Poor - Zr4+ reduction to ZrCl3 or Zr+LiCl; halide family instability; interlayer required,Moderate - graphite with LPSC interlayer; reductive limit ~0.6 V near graphite potential,Moderate - LiNiO2 borderline,Good - LiCoO2 within estimated window; Bi-doped variant promising catholyte,https://pubmed.ncbi.nlm.nih.gov/36282965/ ; https://www.uni-ulm.de/fileadmin/website_uni_ulm/nawi.inst.250/publications/BatteriesSupercaps_8_e202500378_2025.pdf,https://pubmed.ncbi.nlm.nih.gov/36282965/; https://www.uni-ulm.de/fileadmin/website_uni_ulm/nawi.inst.250/publications/BatteriesSupercaps_8_e202500378_2025.pdf,
36,"Na3SbSe3S (Na3SbSe3S1, x=1 in Na3SbSe4-xSx)",Cubic I-43m (BCC-like mixed Se/S),I-43m (No. 217),Na+,0.0005,~0.5 (measured; slightly lower than Se endpoint),experimental/literature,not available,,,,~2.4 (slightly wider than pure Se),~12 (estimated interpolation cubic end members),84.5,4.0,Novel Composition,,Tier 2,83.0,"Se/S solid solution allows tuning of lattice parameter and anion polarizability. Cubic BCC maintained at low S content. Mixed-anion disorder may create additional diffusion pathways. Band gap improves slightly over pure Se. Na3SbSe4-xSx family studied at x=0,1,2,3,4—intermediate compositions have room for optimization.",,,,,https://pmc.ncbi.nlm.nih.gov/articles/PMC6002371/,,"https://pmc.ncbi.nlm.nih.gov/articles/PMC10646287/, https://pubs.rsc.org/en/content/articlelanding/2018/ta/c7ta09242c, https://onlinelibrary.wiley.com/doi/pdfdirect/10.1002/admi.202202354, https://users.wfu.edu/natalie/papers/Na3SbS4/PhysRevMaterials.1.075405.pdf"
37,Na11Sn2PS12,Tetragonal (I41/acd; LISICON-related),I41/acd (No. 142),Na+,0.0014,1.4 (reported experimental),experimental/literature,not available,1.5-3.0 (est.; thio-LISICON Na family; sulfide oxidative ~3.0 V vs Na+/Na),3.0 (est.),1.5 (est.),~3 (estimated; Sn4+/P5+-S2- framework),<30 (near-stable; synthesized experimentally),72.5,2.0,,Tier 2,Tier 2,81.6,"Na11Sn2PS12 has tetragonal structure with interconnected Na+ pathways (3D). 1.4 mS/cm experimentally. Sn/P disorder in tetrahedral sites. Band gap ~3 eV is marginal at threshold. Promising template for substitution (Ge, Pb at Sn site; As at P site).",N/A (Na system),N/A (Na system),Poor - oxidative ~3.0 V insufficient for high-V Na cathodes,N/A (Na system),https://www.frontiersin.org/journals/energy-research/articles/10.3389/fenrg.2020.00097/full,https://www.frontiersin.org/journals/energy-research/articles/10.3389/fenrg.2020.00097/full; https://ceder.berkeley.edu/publications/2017_yaosen_electrode_electrolyte_compat.pdf,
38,Na2.88Sb0.88W0.12S4,BCC/I-43m cubic (Na3SbS4 type),I-43m (No. 217),Na+,0.032,32,family/proxy estimate,not available,1.5-3.0 (est.),3.0 (est.),1.5 (est.),~2.5 (estimated; parent Na3SbS4 tetragonal ~2.2 eV GGA),~10 (estimated from parent cubic phase stability),87.0,1.0,Known Benchmark,Tier 2,Tier 2,80.2,Champion Na conductor (32 mS/cm). W5+ doping induces Na vacancies and stabilizes cubic BCC-like phase over tetragonal. 3D isotropic transport. Band gap below 3.5 eV threshold—limitation.,N/A (Na system),N/A (Na system),Poor - oxidative limit 3.0 V vs Na+/Na insufficient for oxide cathodes,Poor - exceeds oxidative limit; Na-Li cross-system incompatible,https://www.nature.com/articles/s41467-019-13178-2,https://ceder.berkeley.edu/publications/2018_Yaosen_Na_hydrate_coating.pdf; https://www.nature.com/articles/s41467-019-13178-2; https://pmc.ncbi.nlm.nih.gov/articles/PMC5115597/,"https://iopscience.iop.org/article/10.1149/MA2023-02170mtgabs, https://www.emobility-engineering.com/sulfide-solid-electrolyte-solid-state-batteries/, https://omu.repo.nii.ac.jp/record/2001038/files/2024000425.pdf, https://www.nature.com/articles/s41467-019-13178-2"
39,Na3PSe4,"Cubic (I-43m, BCC-like Se sublattice)",I-43m (No. 217),Na+,0.00063,0.1–1.16,proxy/literature-derived,not available,1.25-2.35 (DFT calculated; Ceder group),2.35 (DFT),1.25 (DFT),"~2.5 (GGA, larger with HSE)","~15 (estimated, metastable)",84.0,1.0,Known Benchmark,Tier 2,Tier 2,78.8,Cubic Se2- framework enables 3D fast Na+ diffusion. High Se polarizability lowers migration barriers. Defect-driven (Na vacancies needed). Band gap ~2.5 eV below threshold.,N/A (Na system),N/A (Na system),Poor - oxidative 2.35 V vs Na+/Na insufficient for oxide Na cathodes (NaCrO2 ~3.6 V),N/A (Na system),https://pmc.ncbi.nlm.nih.gov/articles/PMC6002371/,https://ceder.berkeley.edu/publications/2017_yaosen_electrode_electrolyte_compat.pdf; https://pmc.ncbi.nlm.nih.gov/articles/PMC6002371/,"https://advanced.onlinelibrary.wiley.com/doi/10.1002/aenm.201570133, https://pubs.acs.org/doi/10.1021/acs.chemmater.4c01553, https://ceder.berkeley.edu/publications/2015_Bo_cubic_Na3PSe4.pdf"
40,Na3P0.62As0.38S4,Cubic I-43m (BCC-like; As at P site),I-43m (No. 217),Na+,0.00146,1.46 (experimental optimum),experimental/literature,not available,1.5-3.0 (est. from Na3PS4/Na3SbS4 family; As slightly widens),3.0 (est.),1.5 (est.),~2.8 (estimated; As widens gap vs. pure P analogue),~15 (estimated; cubic phase near-hull),84.0,1.0,Known Benchmark,Tier 2,Tier 2,78.8,As5+ (larger than P5+) expands unit cell and reduces Na-S barriers. Optimal at x=0.38 from dual effect of cell expansion and Na-S bond length. Cubic I-43m structure maintained. 1.46 mS/cm exceeds undoped cubic Na3PS4. Limited follow-up in literature. Base for Se co-substitution.,N/A (Na system),N/A (Na system),Poor - oxidative ~3.0 V insufficient for oxide cathodes,N/A (Na system),https://www.frontiersin.org/journals/energy-research/articles/10.3389/fenrg.2020.00097/full,https://www.frontiersin.org/journals/energy-research/articles/10.3389/fenrg.2020.00097/full; https://ceder.berkeley.edu/publications/2017_yaosen_electrode_electrolyte_compat.pdf,"https://pubs.acs.org/doi/10.1021/acs.chemrev.4c01012, https://advanced.onlinelibrary.wiley.com/doi/10.1002/adma.201605561, https://www.osti.gov/biblio/1462492, https://www.me.psu.edu/dwang/publication/83.pdf"
41,Na3SbSe4,Cubic I-43m (BCC-like Se sublattice),I-43m (No. 217),Na+,0.00085,0.85,experimental/literature,not available,1.25-2.35 (est. from Na3PSe4 DFT analogy),2.35 (est.),1.25 (est.),~2.2 (GGA est.; Se-based framework),~10 (estimated; cubic BCC phase near-stable),83.0,1.0,Known Benchmark,Tier 2,Tier 2,78.4,Highest polarizability Se2- lowers Na-anion interaction energy. Cubic BCC structure enables 3D symmetric diffusion (low Ea 0.17 eV). Band gap ~2.2 eV below threshold—limitation for high-voltage use. Unit cell expansion vs. Na3PS4 is key. Base for S/Se solid solution tuning.,N/A (Na system),N/A (Na system),Poor - oxidative ~2.35 V insufficient for Na oxide cathodes,N/A (Na system),https://pmc.ncbi.nlm.nih.gov/articles/PMC6002371/,https://pmc.ncbi.nlm.nih.gov/articles/PMC6002371/; https://ceder.berkeley.edu/publications/2017_yaosen_electrode_electrolyte_compat.pdf,"https://www.osti.gov/servlets/purl/1266853, https://pubs.acs.org/doi/10.1021/jacs.5c05842, https://pubs.acs.org/doi/10.1021/acs.inorgchem.3c01799, http://link.springer.com/10.1007/s10853-017-1618-0"
42,Na3SbS3.75Se0.25,Cubic I-43m (BCC-like; Se-doped Na3SbS4),I-43m (No. 217),Na+,0.00403,4.03,experimental/literature,not available,1.5-3.0 (est. from Na3SbS4 family; slight Se-shift),3.0 (est.),1.5 (est.),~2.6 (estimated; slight Se widening),~10 (estimated; near-hull cubic),83.0,1.0,Known Benchmark,Tier 2,Tier 2,78.4,Small Se content reduces amorphous phase content while maintaining cubic BCC structure. 4.03 mS/cm—highest in Na3SbS4 doping series besides W-doped variant. Small Se amount is practically feasible. Band gap marginal at ~2.6 eV.,N/A (Na system),N/A (Na system),Poor - oxidative ~3.0 V insufficient for high-V Na oxide cathodes,N/A (Na system),https://www.frontiersin.org/journals/energy-research/articles/10.3389/fenrg.2020.00097/full,https://www.frontiersin.org/journals/energy-research/articles/10.3389/fenrg.2020.00097/full; https://ceder.berkeley.edu/publications/2018_Yaosen_Na_hydrate_coating.pdf,"https://linkinghub.elsevier.com/retrieve/pii/S221128551930816X, https://pubs.acs.org/doi/10.1021/acsami.2c05090, https://www.osti.gov/servlets/purl/1866227, https://pubs.acs.org/doi/10.1021/acs.chemrev.4c01012"
43,Li2HfCl6,"Trigonal (P-3m1, hcp Cl; Hf4+ analogue of Zr)",P-3m1 (No. 164),Li+,0.00035,~0.2–0.5 (estimated by analogy with LZC),family/proxy estimate,not available,0.6-4.3 (est. from Li2ZrCl6 analogue; Hf4+ d0 wider gap),4.3 (est.),0.6 (est.),">5 (Hf4+ d0, wider than Zr analogue)",<30 (competing phase for LiHfFCl4 E_hull calculations),63.0,1.0,Known Benchmark,Tier 2,Tier 2,76.4,Hf4+ has essentially same ionic radius and charge as Zr4+ but heavier mass and potentially wider band gap. Li2HfCl6 expected similar hcp structure to Li2ZrCl6 but with wider electrochemical window. No conductivity study found in literature—gap to fill.,Poor - Hf4+ reduction to Hf+LiCl; halide family instability; interlayer required,Moderate - graphite with interlayer; reductive limit ~0.6 V near graphite,Moderate - LiNiO2 borderline at 4.3 V,Good - LiCoO2 within estimated window,https://ceder.berkeley.edu/publications/2025_KyuJung_Grace_LiMXCL4.pdf,https://ceder.berkeley.edu/publications/2025_KyuJung_Grace_LiMXCL4.pdf; https://pubmed.ncbi.nlm.nih.gov/36282965/,"https://uwaterloo.ca/nazar-group/news/recent-paper-deciphering-role-fluorination-dual-halogen, https://pubs.acs.org/doi/10.1021/acs.chemrev.4c01012, https://pubmed.ncbi.nlm.nih.gov/40831399/, https://onlinelibrary.wiley.com/doi/10.1002/anie.202509209"
44,Na7P3Se11,Triclinic/monoclinic (P-7P3S11-analog with Se),P1 or P21/c (estimated),Na+,0.01,>10 (predicted via first-principles for Se analogue),AIMD/literature prediction,not available,1.25-2.35 (est. from Na3PSe4 Se-family DFT),2.35 (est.),1.25 (est.),"~2.5 (estimated; Se-based, lower than S)",~20 (estimated; Se analog of Na7P3S11),71.5,1.0,Known Benchmark,Tier 2,Tier 2,73.2,Na7P3S11 predicted >10 mS/cm by Wang et al. Full Se substitution should further increase bottleneck size and reduce barriers due to higher Se polarizability. Triclinic structure with glass-forming tendency—amorphous phases may also be superionic. High-priority synthetic target.,N/A (Na system),N/A (Na system),Poor - oxidative ~2.35 V insufficient for oxide cathodes,N/A (Na system),https://www.frontiersin.org/journals/energy-research/articles/10.3389/fenrg.2020.00097/full,https://www.frontiersin.org/journals/energy-research/articles/10.3389/fenrg.2020.00097/full; https://ceder.berkeley.edu/publications/2017_yaosen_electrode_electrolyte_compat.pdf,"https://www.frontiersin.org/journals/energy-research/articles/10.3389/fenrg.2020.00097/pdf, https://ceder.berkeley.edu/publications/2017_yan_superionics.pdf, https://pubs.acs.org/doi/10.1021/acs.chemrev.4c01012, https://onlinelibrary.wiley.com/doi/10.1002/anie.202401428"
